{"file:///C:/Users/informatica/Desktop/sele%C3%A7%C3%A3o%20salaberga":{"assets/web/assets/jquery/jquery.min.js":"V5Dq1607onOXrt+j0mO4Zw==","assets/bootstrap/css/bootstrap.min.css":"NM5JRjudBrjMToddUDgMUQ==","assets/bootstrap/js/bootstrap.min.js":"DKdxssbVVAIdzBwBzcd+9g==","assets/tether/tether.min.css":"YhVaOUjL8Xsb9LQHyQq4Tw==","assets/tether/tether.min.js":"PlC291/0Eo8keLHUT4D9+w==","assets/smooth-scroll/SmoothScroll.js":"Q1pVjjRBNe99bV9ZV65xqw==","assets/bootstrap-material-design-font/css/material.css":"HzWxb4ENne/E/Y2UKoxvNw==","assets/bootstrap-material-design-font/fonts/LICENSE.txt":"pV8TLVKq0XI9Ij+wgM+cug==","assets/bootstrap-material-design-font/fonts/Material-Design-Icons.eot":"LxmIl+me/gNB94VFERPXog==","assets/bootstrap-material-design-font/fonts/Material-Design-Icons.svg":"xugX+kwOmhTCvA5NKlGGlQ==","assets/bootstrap-material-design-font/fonts/Material-Design-Icons.ttf":"f2HJkaxsfH8pURkf/FBC4A==","assets/bootstrap-material-design-font/fonts/Material-Design-Icons.woff":"TIdNziA0njUMSu+mR0IhwQ==","assets/dropdown/css/style.css":"/5ev1lVQ5aXyBGMZIck7Mw==","assets/dropdown/js/script.min.js":"XKwdlgq/KqgA8/xiKfaAVw==","assets/touchSwipe/jquery.touchSwipe.min.js":"9g/wVGnRdXmW2F9BctT/TQ==","assets/animate.css/animate.min.css":"F4tlGVjO/1VsvF81Xgi78Q==","assets/viewportChecker/jquery.viewportchecker.js":"2Duiy0FroZ100p8jJUN+dw==","assets/web/assets/mobirise-icons/mobirise-icons.css":"7gSf0fOWYe0QCSVxB+A4fw==","assets/web/assets/mobirise-icons/mobirise-icons.eot":"ena7UHntSfF43JW84LS7sg==","assets/web/assets/mobirise-icons/mobirise-icons.svg":"RV5n/uyfqaayQMn0l90rcw==","assets/web/assets/mobirise-icons/mobirise-icons.ttf":"O4oJmjQYQffbqv7XRunBJQ==","assets/web/assets/mobirise-icons/mobirise-icons.woff":"4ssReEkmPjuI3gbt+6t1Eg==","assets/et-line-font-plugin/fonts/et-line.woff":"sB/yUnYZWDJfqrFTXJDIfw==","assets/et-line-font-plugin/fonts/et-line.ttf":"mBJuPhI4sPO5Qa0oUyDOKA==","assets/et-line-font-plugin/fonts/et-line.svg":"VpvZCCwVzDD6bgViar3VBQ==","assets/et-line-font-plugin/fonts/et-line.eot":"Juw8fQNm4IJdcFxuIkqIAw==","assets/et-line-font-plugin/style.css":"JYAPmZ45pppjHYpgvce3Nw==","assets/formoid/formoid.min.js":"524auFsP6JR6lpzo5Xmk4A=="}}